[{"title_en":"How does SNSF research relate to the UN Sustainable Development Goals?","title_de":"Welchen Bezug hat die SNF-Forschung zu den UNO-Nachhaltigkeitszielen?","title_fr":"Liens entre la recherche du FNS et les objectifs de développement durable de l’ONU","author":"Stéphanie Würth;Sarah Achermann;Simon Gorin","datastory_category":"standard","publication_date":"2023-04-13 04:00:00","languages":"en;de;fr","short_desc_en":"The SNSF performed an exploratory analysis to determine the extent to which the projects it funds are related to the UN Sustainable Development Goals. The analysis found evidence of links to the Goals in all research areas.","short_desc_de":"Der SNF hat untersucht, inwiefern die von ihm geförderten Projekte einen Bezug zu den UNO-Nachhaltigkeitszielen haben. Die explorative Analyse hat gezeigt, dass ich in allen Fachbereichen entsprechende Bezüge finden lassen.","short_desc_fr":"Le FNS a examiné si les projets financés présentent un rapport avec les objectifs de développement durable de l'ONU. Une analyse exploratoire a montré des liens dans chaque domaine de recherche.","tags":"T190T,T160T","author_url":"datastories@snf.ch;datastories@snf.ch;datastories@snf.ch","top_story":false,"github_url":"https://github.com/snsf-data/datastory_snf_research_and_sdgs","doi":"https://doi.org/10.46446/datastory.snf-research-and-sdgs"}]
